open_broker_time,close_broker_time,broker_hour,ticket,kind,side,lots,entry,net_pnl,hold_seconds,gap_from_prev_close_s,cumulative_pnl,outcome
2026-05-14 22:21:00,2026-05-14 22:50:59,22,52098833,PROBE,BUY,0.01,4668.7,-11.34,1799,0,-11.34,LOSS
2026-05-14 22:30:30,2026-05-14 22:32:47,22,52099362,PROBE,SELL,0.01,4664.03,2.23,137,-1229,-9.11,WIN
2026-05-14 22:32:35,2026-05-14 22:32:47,22,52099428,MAIN,SELL,0.4,4662.42,27.2,12,-12,18.09,WIN
2026-05-14 22:36:16,2026-05-14 22:37:29,22,52099766,PROBE,SELL,0.01,4664.52,1.74,73,209,19.83,WIN
2026-05-14 22:37:06,2026-05-14 22:37:29,22,52099779,MAIN,SELL,0.4,4663.07,11.6,23,-23,31.43,WIN
2026-05-14 22:41:59,2026-05-14 22:43:52,22,52100504,PROBE,SELL,0.01,4657.59,1.13,113,270,32.56,WIN
2026-05-14 22:43:08,2026-05-14 22:43:52,22,52100577,MAIN,SELL,0.4,4656.22,-14.4,44,-44,18.16,LOSS
2026-05-14 22:47:46,2026-05-14 22:49:05,22,52101103,PROBE,SELL,0.01,4654.37,-2.7,79,234,15.46,LOSS
2026-05-14 22:48:33,2026-05-14 22:49:05,22,52101227,MAIN,SELL,0.4,4653.24,-145.6,32,-32,-130.14,LOSS
2026-05-15 07:16:00,2026-05-15 07:19:12,7,52170138,PROBE,SELL,0.01,4618.56,2.47,192,30415,-127.67,WIN
2026-05-15 07:16:02,2026-05-15 07:19:12,7,52170148,PROBE,SELL,0.01,4618.64,2.55,190,-190,-125.12,WIN
2026-05-15 07:18:33,2026-05-15 07:19:12,7,52170243,MAIN,SELL,0.4,4617.16,48.8,39,-39,-76.32,WIN
2026-05-15 07:18:33,2026-05-15 07:19:12,7,52170244,MAIN,SELL,0.4,4617.16,48.8,39,-39,-27.52,WIN
2026-05-15 07:19:12,2026-05-15 07:19:35,7,52170495,PROBE,SELL,0.01,4615.89,1.05,23,0,-26.47,WIN
2026-05-15 07:19:14,2026-05-15 07:19:36,7,52170505,PROBE,SELL,0.01,4615.85,1.03,22,-21,-25.44,WIN
2026-05-15 07:19:31,2026-05-15 07:19:36,7,52170675,MAIN,SELL,0.4,4614.57,-10.0,5,-5,-35.44,LOSS
2026-05-15 07:19:31,2026-05-15 07:19:35,7,52170731,MAIN,SELL,0.4,4614.6,-8.4,4,-5,-43.84,LOSS
2026-05-15 07:21:24,2026-05-15 07:21:27,7,52171272,MAIN,SELL,0.4,4610.39,10.0,3,109,-33.84,WIN
2026-05-15 07:21:27,2026-05-15 07:22:09,7,52171295,MAIN,SELL,0.4,4609.93,6.0,42,0,-27.84,WIN
2026-05-15 07:21:27,2026-05-15 07:22:28,7,52171323,PROBE,SELL,0.01,4609.94,1.7,61,-42,-26.14,WIN
2026-05-15 07:22:09,2026-05-15 07:22:30,7,52171446,PROBE,SELL,0.01,4609.62,1.61,21,-19,-24.53,WIN
2026-05-15 07:22:25,2026-05-15 07:22:28,7,52171515,MAIN,SELL,0.4,4608.72,19.2,3,-5,-5.33,WIN
2026-05-15 07:22:27,2026-05-15 07:22:30,7,52171558,MAIN,SELL,0.4,4607.94,1.6,3,-1,-3.73,WIN
2026-05-15 07:22:28,2026-05-15 07:43:50,7,52171590,PROBE,SELL,0.01,4607.81,2.06,1282,-2,-1.67,WIN
2026-05-15 07:22:30,2026-05-15 07:43:50,7,52171635,PROBE,SELL,0.01,4607.8,2.08,1280,-1280,0.41,WIN
2026-05-15 07:43:48,2026-05-15 07:43:49,7,52173988,MAIN,SELL,0.4,4606.05,11.2,1,-2,11.61,WIN
2026-05-15 07:43:48,2026-05-15 07:43:50,7,52173991,MAIN,SELL,0.4,4606.04,11.2,2,-1,22.81,WIN
2026-05-15 07:43:50,2026-05-15 07:48:35,7,52174031,PROBE,SELL,0.01,4605.54,-2.81,285,0,20.0,LOSS
2026-05-15 07:43:51,2026-05-15 08:01:04,7,52174044,PROBE,SELL,0.01,4605.39,1.74,1033,-284,21.74,WIN
2026-05-15 07:44:36,2026-05-15 07:48:35,7,52174328,MAIN,SELL,0.4,4604.56,-149.6,239,-988,-127.86,LOSS
2026-05-15 07:48:35,2026-05-15 07:55:34,7,52174559,PROBE,SELL,0.01,4608.37,1.76,419,0,-126.1,WIN
2026-05-15 07:55:19,2026-05-15 07:55:33,7,52175870,MAIN,SELL,0.4,4607.08,19.2,14,-15,-106.9,WIN
2026-05-15 07:55:34,2026-05-15 08:01:04,7,52176023,PROBE,SELL,0.01,4606.39,3.37,330,1,-103.53,WIN
2026-05-15 07:59:21,2026-05-15 08:01:04,7,52176334,MAIN,SELL,0.4,4605.17,72.8,103,-103,-30.73,WIN
2026-05-15 08:01:04,2026-05-15 08:01:04,8,52176786,MAIN,SELL,0.4,4603.45,17.2,0,0,-13.53,WIN
2026-05-15 08:01:04,2026-05-15 08:02:04,8,52176816,PROBE,SELL,0.01,4602.79,1.75,60,0,-11.78,WIN
2026-05-15 08:01:06,2026-05-15 08:02:04,8,52176866,PROBE,SELL,0.01,4602.68,1.6,58,-58,-10.18,WIN
2026-05-15 08:01:57,2026-05-15 08:02:04,8,52177083,MAIN,SELL,0.4,4601.6,23.6,7,-7,13.42,WIN
2026-05-15 08:01:58,2026-05-15 08:02:04,8,52177104,MAIN,SELL,0.4,4601.38,5.6,6,-6,19.02,WIN
2026-05-15 08:02:04,2026-05-15 08:03:48,8,52177218,PROBE,SELL,0.01,4600.78,1.15,104,0,20.17,WIN
2026-05-15 08:03:33,2026-05-15 08:03:48,8,52177678,MAIN,SELL,0.4,4599.53,6.4,15,-15,26.57,WIN
2026-05-15 08:04:00,2026-05-15 08:07:23,8,52177815,PROBE,SELL,0.01,4599.66,1.14,203,12,27.71,WIN
2026-05-15 08:07:23,2026-05-15 08:07:32,8,52178383,PROBE,SELL,0.01,4598.41,1.37,9,0,29.08,WIN
2026-05-15 08:07:25,2026-05-15 08:08:10,8,52178415,PROBE,SELL,0.01,4597.74,2.07,45,-7,31.15,WIN
2026-05-15 08:07:29,2026-05-15 08:07:32,8,52178479,MAIN,SELL,0.4,4597.24,22.8,3,-41,53.95,WIN
2026-05-15 08:07:32,2026-05-15 08:08:09,8,52178528,MAIN,SELL,0.4,4596.35,26.4,37,0,80.35,WIN
2026-05-15 08:07:32,2026-05-15 08:08:18,8,52178558,PROBE,SELL,0.01,4596.6,1.63,46,-37,81.98,WIN
2026-05-15 08:08:09,2026-05-15 08:08:17,8,52178727,MAIN,SELL,0.4,4595.38,13.2,8,-9,95.18,WIN
2026-05-15 08:08:10,2026-05-15 08:08:32,8,52178799,PROBE,SELL,0.01,4595.78,1.33,22,-7,96.51,WIN
2026-05-15 08:08:18,2026-05-15 08:08:41,8,52178879,PROBE,SELL,0.01,4594.74,1.86,23,-14,98.37,WIN
2026-05-15 08:08:20,2026-05-15 08:08:32,8,52178906,MAIN,SELL,0.4,4594.54,4.8,12,-21,103.17,WIN
2026-05-15 08:08:32,2026-05-15 08:10:03,8,52179019,PROBE,SELL,0.01,4594.43,1.82,91,0,104.99,WIN
2026-05-15 08:08:40,2026-05-15 08:08:41,8,52179097,MAIN,SELL,0.4,4593.5,24.8,1,-83,129.79,WIN
2026-05-15 08:08:40,2026-05-15 08:10:03,8,52179119,MAIN,SELL,0.4,4592.71,4.0,83,-1,133.79,WIN
2026-05-15 08:08:41,2026-05-15 08:11:04,8,52179195,PROBE,SELL,0.01,4592.63,1.39,143,-82,135.18,WIN
2026-05-15 08:10:03,2026-05-15 08:11:04,8,52179360,PROBE,SELL,0.01,4592.46,1.48,61,-61,136.66,WIN
2026-05-15 08:10:57,2026-05-15 08:11:03,8,52179701,MAIN,SELL,0.4,4591.49,16.8,6,-7,153.46,WIN
2026-05-15 08:10:57,2026-05-15 08:11:03,8,52179703,MAIN,SELL,0.4,4591.49,16.8,6,-6,170.26,WIN
2026-05-15 08:11:04,2026-05-15 08:11:19,8,52179800,PROBE,SELL,0.01,4591.41,1.96,15,1,172.22,WIN
2026-05-15 08:11:06,2026-05-15 08:11:19,8,52179807,PROBE,SELL,0.01,4591.42,1.98,13,-13,174.2,WIN
2026-05-15 08:11:17,2026-05-15 08:11:18,8,52179870,MAIN,SELL,0.4,4590.04,24.0,1,-2,198.2,WIN
2026-05-15 08:11:17,2026-05-15 08:11:18,8,52179881,MAIN,SELL,0.4,4589.72,11.2,1,-1,209.4,WIN
2026-05-15 08:18:36,2026-05-15 08:18:45,8,52182076,MAIN,SELL,0.4,4586.29,42.0,9,438,251.4,WIN
2026-05-15 08:18:42,2026-05-15 08:18:48,8,52182131,MAIN,SELL,0.4,4585.76,34.0,6,-3,285.4,WIN
2026-05-15 08:18:45,2026-05-15 08:19:14,8,52182224,PROBE,SELL,0.01,4585.12,1.5,29,-3,286.9,WIN
2026-05-15 08:18:48,2026-05-15 08:19:24,8,52182267,PROBE,SELL,0.01,4584.74,1.6,36,-26,288.5,WIN
2026-05-15 08:19:03,2026-05-15 08:19:14,8,52182374,MAIN,SELL,0.4,4583.83,8.4,11,-21,296.9,WIN
2026-05-15 08:19:11,2026-05-15 08:19:24,8,52182467,MAIN,SELL,0.4,4583.61,17.2,13,-3,314.1,WIN
2026-05-15 08:19:14,2026-05-15 08:19:27,8,52182494,PROBE,SELL,0.01,4583.53,1.22,13,-10,315.32,WIN
2026-05-15 08:19:24,2026-05-15 08:20:27,8,52182577,PROBE,SELL,0.01,4582.88,1.55,63,-3,316.87,WIN
2026-05-15 08:19:25,2026-05-15 08:19:26,8,52182590,MAIN,SELL,0.4,4582.29,-0.8,1,-62,316.07,LOSS
2026-05-15 08:19:27,2026-05-15 08:31:02,8,52182647,PROBE,SELL,0.01,4582.07,1.16,695,1,317.23,WIN
2026-05-15 08:19:35,2026-05-15 08:20:27,8,52182739,MAIN,SELL,0.4,4581.65,14.4,52,-687,331.63,WIN
2026-05-15 08:20:27,2026-05-15 08:31:06,8,52182960,PROBE,SELL,0.01,4581.11,2.13,639,0,333.76,WIN
2026-05-15 08:30:56,2026-05-15 08:31:02,8,52186197,MAIN,SELL,0.4,4580.83,-4.0,6,-10,329.76,LOSS
2026-05-15 08:31:02,2026-05-15 08:31:06,8,52186292,PROBE,SELL,0.01,4580.64,1.9,4,0,331.66,WIN
2026-05-15 08:31:03,2026-05-15 08:31:05,8,52186303,MAIN,SELL,0.4,4579.03,9.6,2,-3,341.26,WIN
2026-05-15 08:31:03,2026-05-15 08:31:05,8,52186316,MAIN,SELL,0.4,4579.21,16.8,2,-2,358.06,WIN
2026-05-15 08:31:06,2026-05-15 08:32:06,8,52186454,PROBE,SELL,0.01,4578.76,2.28,60,1,360.34,WIN
2026-05-15 08:31:08,2026-05-15 08:32:10,8,52186500,PROBE,SELL,0.01,4578.07,2.66,62,-58,363.0,WIN
2026-05-15 08:32:04,2026-05-15 08:32:06,8,52186852,MAIN,SELL,0.4,4577.48,48.8,2,-6,411.8,WIN
2026-05-15 08:32:06,2026-05-15 08:32:09,8,52186933,MAIN,SELL,0.4,4575.75,-4.0,3,0,407.8,LOSS
2026-05-15 08:32:06,2026-05-15 08:32:14,8,52186972,PROBE,SELL,0.01,4576.12,2.02,8,-3,409.82,WIN
2026-05-15 08:32:10,2026-05-15 08:32:17,8,52187077,PROBE,SELL,0.01,4575.33,2.4,7,-4,412.22,WIN
2026-05-15 08:32:12,2026-05-15 08:32:13,8,52187106,MAIN,SELL,0.4,4574.56,15.2,1,-5,427.42,WIN
2026-05-15 08:32:13,2026-05-15 08:32:17,8,52187157,MAIN,SELL,0.4,4574.02,43.2,4,0,470.62,WIN
2026-05-15 08:32:14,2026-05-15 08:32:30,8,52187177,PROBE,SELL,0.01,4573.91,-2.66,16,-3,467.96,LOSS
2026-05-15 08:32:16,2026-05-15 08:32:29,8,52187254,MAIN,SELL,0.4,4572.79,-148.8,13,-14,319.16,LOSS
2026-05-15 08:32:17,2026-05-15 08:34:28,8,52187288,PROBE,SELL,0.01,4572.85,3.51,131,-12,322.67,WIN
2026-05-15 08:32:30,2026-05-15 08:32:43,8,52187444,PROBE,SELL,0.01,4576.36,1.6,13,-118,324.27,WIN
2026-05-15 08:32:38,2026-05-15 08:32:42,8,52187512,MAIN,SELL,0.4,4574.93,6.4,4,-5,330.67,WIN
2026-05-15 08:32:43,2026-05-15 08:34:26,8,52187582,PROBE,SELL,0.01,4574.16,3.33,103,1,334.0,WIN
2026-05-15 08:33:42,2026-05-15 08:34:26,8,52187849,MAIN,SELL,0.4,4572.48,67.2,44,-44,401.2,WIN
2026-05-15 08:34:25,2026-05-15 08:34:28,8,52188115,MAIN,SELL,0.4,4570.95,73.6,3,-1,474.8,WIN
2026-05-15 08:34:26,2026-05-15 08:34:28,8,52188182,PROBE,SELL,0.01,4570.4,1.06,2,-2,475.86,WIN
2026-05-15 08:34:27,2026-05-15 08:34:28,8,52188231,MAIN,SELL,0.4,4569.21,-13.2,1,-1,462.66,LOSS
2026-05-15 08:35:50,2026-05-15 08:35:51,8,52188942,MAIN,SELL,0.4,4565.96,15.2,1,82,477.86,WIN
2026-05-15 08:35:51,2026-05-15 08:36:07,8,52188992,MAIN,SELL,0.4,4565.38,-15.6,16,0,462.26,LOSS
2026-05-15 08:35:52,2026-05-15 08:36:43,8,52189020,PROBE,SELL,0.01,4565.46,-2.99,51,-15,459.27,LOSS
2026-05-15 08:36:07,2026-05-15 08:36:43,8,52189157,PROBE,SELL,0.01,4565.54,-2.87,36,-36,456.4,LOSS
2026-05-15 08:36:14,2026-05-15 08:36:42,8,52189229,MAIN,SELL,0.4,4564.21,-163.2,28,-29,293.2,LOSS
2026-05-15 08:36:14,2026-05-15 08:36:42,8,52189230,MAIN,SELL,0.4,4564.22,-162.8,28,-28,130.4,LOSS
2026-05-15 08:36:43,2026-05-15 08:37:51,8,52189396,PROBE,SELL,0.01,4568.31,1.61,68,1,132.01,WIN
2026-05-15 08:36:44,2026-05-15 08:37:52,8,52189415,PROBE,SELL,0.01,4568.25,1.83,68,-67,133.84,WIN
2026-05-15 08:37:49,2026-05-15 08:37:52,8,52189903,MAIN,SELL,0.4,4566.6,7.2,3,-3,141.04,WIN
2026-05-15 08:37:50,2026-05-15 08:37:50,8,52189905,MAIN,SELL,0.4,4566.83,3.2,0,-2,144.24,WIN
2026-05-15 08:38:00,2026-05-15 08:38:04,8,52190123,PROBE,SELL,0.01,4566.31,2.08,4,10,146.32,WIN
2026-05-15 08:38:02,2026-05-15 08:38:33,8,52190155,PROBE,SELL,0.01,4565.58,-2.4,31,-2,143.92,LOSS
2026-05-15 08:38:03,2026-05-15 08:38:04,8,52190164,MAIN,SELL,0.4,4565.03,10.8,1,-30,154.72,WIN
2026-05-15 08:38:03,2026-05-15 08:38:32,8,52190183,MAIN,SELL,0.4,4563.82,-172.0,29,-1,-17.28,LOSS
2026-05-15 08:38:33,2026-05-15 08:38:40,8,52190390,PROBE,SELL,0.01,4567.81,1.7,7,1,-15.58,WIN
2026-05-15 08:38:36,2026-05-15 08:38:40,8,52190428,MAIN,SELL,0.4,4566.19,5.6,4,-4,-9.98,WIN
2026-05-15 08:38:40,2026-05-15 08:39:30,8,52190477,PROBE,SELL,0.01,4566.18,-2.47,50,0,-12.45,LOSS
2026-05-15 08:39:09,2026-05-15 08:39:30,8,52190695,MAIN,SELL,0.4,4564.68,-156.0,21,-21,-168.45,LOSS
2026-05-15 08:41:21,2026-05-15 08:42:05,8,52191818,MAIN,BUY,0.4,4575.24,-152.8,44,111,-321.25,LOSS
2026-05-15 08:42:05,2026-05-15 08:42:21,8,52191987,PROBE,BUY,0.01,4571.62,1.5,16,0,-319.75,WIN
2026-05-15 08:42:18,2026-05-15 08:42:20,8,52192141,MAIN,BUY,0.4,4572.81,10.8,2,-3,-308.95,WIN
2026-05-15 08:42:21,2026-05-15 08:43:43,8,52192149,PROBE,BUY,0.01,4573.31,-2.69,82,1,-311.64,LOSS
2026-05-15 08:43:13,2026-05-15 08:43:43,8,52192285,MAIN,BUY,0.4,4574.3,-143.2,30,-30,-454.84,LOSS
2026-05-15 08:43:43,2026-05-15 08:44:55,8,52192342,PROBE,SELL,0.01,4570.63,1.71,72,0,-453.13,WIN
2026-05-15 08:44:54,2026-05-15 08:44:55,8,52192565,MAIN,SELL,0.4,4569.33,0.0,1,-1,-453.13,FLAT
2026-05-15 08:44:55,2026-05-15 08:45:07,8,52192674,PROBE,SELL,0.01,4568.65,1.55,12,0,-451.58,WIN
2026-05-15 08:45:05,2026-05-15 08:45:06,8,52192890,MAIN,SELL,0.4,4567.21,10.8,1,-2,-440.78,WIN
2026-05-15 08:45:07,2026-05-15 08:46:01,8,52192948,PROBE,SELL,0.01,4566.65,-2.95,54,1,-443.73,LOSS
2026-05-15 08:45:09,2026-05-15 08:46:01,8,52193018,MAIN,SELL,0.4,4565.39,-167.2,52,-52,-610.93,LOSS
2026-05-15 08:46:01,2026-05-15 08:46:18,8,52193247,PROBE,SELL,0.01,4569.32,1.87,17,0,-609.06,WIN
2026-05-15 08:46:17,2026-05-15 08:46:18,8,52193365,MAIN,SELL,0.4,4567.72,13.2,1,-1,-595.86,WIN
2026-05-15 08:47:06,2026-05-15 08:47:24,8,52193948,PROBE,SELL,0.01,4564.93,1.44,18,48,-594.42,WIN
2026-05-15 08:47:08,2026-05-15 08:47:44,8,52193960,PROBE,SELL,0.01,4564.16,-2.85,36,-16,-597.27,LOSS
2026-05-15 08:47:09,2026-05-15 08:47:24,8,52193978,MAIN,SELL,0.4,4563.46,2.0,15,-35,-595.27,WIN
2026-05-15 08:47:25,2026-05-15 08:47:44,8,52194041,MAIN,SELL,0.4,4562.74,-155.6,19,1,-750.87,LOSS
2026-05-15 08:52:52,2026-05-15 08:55:03,8,52196031,PROBE,SELL,0.01,4569.68,2.0,131,308,-748.87,WIN
2026-05-15 08:52:54,2026-05-15 08:55:02,8,52196032,PROBE,SELL,0.01,4569.63,1.83,128,-129,-747.04,WIN
2026-05-15 08:54:14,2026-05-15 08:55:02,8,52196354,MAIN,SELL,0.4,4568.41,24.8,48,-48,-722.24,WIN
2026-05-15 08:54:14,2026-05-15 08:55:02,8,52196355,MAIN,SELL,0.4,4568.39,28.4,48,-48,-693.84,WIN
2026-05-15 08:58:37,2026-05-15 09:07:17,8,52197597,PROBE,BUY,0.01,4568.17,1.98,520,215,-691.86,WIN
2026-05-15 08:58:39,2026-05-15 09:07:14,8,52197608,PROBE,BUY,0.01,4568.42,1.39,515,-518,-690.47,WIN
2026-05-15 09:07:11,2026-05-15 09:07:16,9,52200569,MAIN,BUY,0.4,4569.39,28.0,5,-3,-662.47,WIN
2026-05-15 09:07:13,2026-05-15 09:07:14,9,52200625,MAIN,BUY,0.4,4569.64,7.6,1,-3,-654.87,WIN
2026-05-15 09:10:07,2026-05-15 09:10:22,9,52201889,PROBE,SELL,0.01,4567.39,1.91,15,173,-652.96,WIN
2026-05-15 09:10:09,2026-05-15 09:10:26,9,52201894,PROBE,SELL,0.01,4566.59,1.21,17,-13,-651.75,WIN
2026-05-15 09:10:17,2026-05-15 09:10:22,9,52201896,MAIN,SELL,0.4,4566.15,18.8,5,-9,-632.95,WIN
2026-05-15 09:10:20,2026-05-15 09:10:26,9,52201901,MAIN,SELL,0.4,4565.31,8.0,6,-2,-624.95,WIN
2026-05-15 09:15:53,2026-05-15 09:16:43,9,52203493,PROBE,BUY,0.01,4572.76,2.17,50,327,-622.78,WIN
2026-05-15 09:15:55,2026-05-15 09:16:42,9,52203514,PROBE,BUY,0.01,4572.62,1.69,47,-48,-621.09,WIN
2026-05-15 09:15:59,2026-05-15 09:16:42,9,52203536,MAIN,BUY,0.4,4573.95,16.0,43,-43,-605.09,WIN
2026-05-15 09:15:59,2026-05-15 09:16:43,9,52203550,MAIN,BUY,0.4,4573.99,16.0,44,-43,-589.09,WIN
2026-05-15 09:21:38,2026-05-15 09:22:26,9,52205182,PROBE,SELL,0.01,4577.47,1.67,48,295,-587.42,WIN
2026-05-15 09:21:39,2026-05-15 09:22:26,9,52205183,PROBE,SELL,0.01,4577.68,1.78,47,-47,-585.64,WIN
2026-05-15 09:22:23,2026-05-15 09:22:25,9,52205264,MAIN,SELL,0.4,4576.52,24.8,2,-3,-560.84,WIN
2026-05-15 09:22:24,2026-05-15 09:22:25,9,52205268,MAIN,SELL,0.4,4576.28,15.2,1,-1,-545.64,WIN
2026-05-15 09:22:28,2026-05-15 09:23:39,9,52205301,PROBE,BUY,0.01,4574.99,1.43,71,3,-544.21,WIN
2026-05-15 09:22:29,2026-05-15 09:23:40,9,52205311,PROBE,BUY,0.01,4575.17,1.66,71,-70,-542.55,WIN
2026-05-15 09:23:25,2026-05-15 09:23:39,9,52205618,MAIN,BUY,0.4,4576.27,5.2,14,-15,-537.35,WIN
2026-05-15 09:23:30,2026-05-15 09:23:40,9,52205633,MAIN,BUY,0.4,4576.55,13.2,10,-9,-524.15,WIN
2026-05-15 09:23:39,2026-05-15 09:24:37,9,52205652,PROBE,SELL,0.01,4576.44,2.32,58,-1,-521.83,WIN
2026-05-15 09:23:41,2026-05-15 09:24:38,9,52205672,PROBE,SELL,0.01,4576.53,2.33,57,-56,-519.5,WIN
2026-05-15 09:24:22,2026-05-15 09:24:37,9,52205725,MAIN,SELL,0.4,4575.35,49.2,15,-16,-470.3,WIN
2026-05-15 09:24:23,2026-05-15 09:24:37,9,52205728,MAIN,SELL,0.4,4575.15,41.2,14,-14,-429.1,WIN
2026-05-15 09:24:37,2026-05-15 09:25:37,9,52205774,PROBE,BUY,0.01,4574.21,1.49,60,0,-427.61,WIN
2026-05-15 09:24:39,2026-05-15 09:25:02,9,52205785,PROBE,BUY,0.01,4573.96,1.4,23,-58,-426.21,WIN
2026-05-15 09:24:54,2026-05-15 09:25:01,9,52205813,MAIN,BUY,0.4,4575.3,3.6,7,-8,-422.61,WIN
2026-05-15 09:25:01,2026-05-15 09:25:36,9,52205826,MAIN,BUY,0.4,4575.39,17.2,35,0,-405.41,WIN
2026-05-15 09:25:02,2026-05-15 09:26:39,9,52205839,PROBE,SELL,0.01,4575.32,-2.73,97,-34,-408.14,LOSS
2026-05-15 09:25:11,2026-05-15 09:26:38,9,52205856,MAIN,SELL,0.4,4573.97,-158.0,87,-88,-566.14,LOSS
2026-05-15 09:25:52,2026-05-15 09:28:03,9,52205978,MAIN,SELL,0.4,4574.14,29.6,131,-46,-536.54,WIN
2026-05-15 09:28:04,2026-05-15 09:36:33,9,52206486,PROBE,SELL,0.01,4573.21,1.22,509,1,-535.32,WIN
2026-05-15 09:30:34,2026-05-15 09:30:37,9,52207128,MAIN,BUY,0.4,4577.79,8.4,3,-359,-526.92,WIN
2026-05-15 09:30:38,2026-05-15 09:30:48,9,52207188,PROBE,BUY,0.01,4578.52,1.45,10,1,-525.47,WIN
2026-05-15 09:30:44,2026-05-15 09:30:47,9,52207375,MAIN,BUY,0.4,4579.88,4.0,3,-4,-521.47,WIN
2026-05-15 09:30:48,2026-05-15 09:38:55,9,52207488,PROBE,BUY,0.01,4580.16,-6.72,487,1,-528.19,LOSS
2026-05-15 09:36:31,2026-05-15 09:36:33,9,52209180,MAIN,SELL,0.4,4571.98,-4.4,2,-144,-532.59,LOSS
2026-05-15 09:36:33,2026-05-15 09:39:28,9,52209252,PROBE,BUY,0.01,4572.01,2.3,175,0,-530.29,WIN
2026-05-15 09:36:41,2026-05-15 09:38:55,9,52209309,MAIN,BUY,0.4,4573.33,5.6,134,-167,-524.69,WIN
2026-05-15 09:38:53,2026-05-15 09:39:28,9,52209633,MAIN,BUY,0.4,4573.55,34.0,35,-2,-490.69,WIN
2026-05-15 09:38:55,2026-05-15 09:40:17,9,52209662,PROBE,SELL,0.01,4573.42,1.91,82,-33,-488.78,WIN
2026-05-15 09:38:58,2026-05-15 09:40:16,9,52209665,MAIN,SELL,0.4,4572.12,24.4,78,-79,-464.38,WIN
2026-05-15 09:41:56,2026-05-15 09:44:43,9,52210606,MAIN,SELL,0.4,4570.1,81.2,167,100,-383.18,WIN
2026-05-15 09:44:43,2026-05-15 09:45:05,9,52211068,PROBE,BUY,0.01,4567.97,1.77,22,0,-381.41,WIN
2026-05-15 09:45:00,2026-05-15 09:45:04,9,52211235,MAIN,BUY,0.4,4569.5,7.6,4,-5,-373.81,WIN
2026-05-15 09:45:05,2026-05-15 09:48:15,9,52211317,PROBE,SELL,0.01,4569.74,1.65,190,1,-372.16,WIN
2026-05-15 09:47:40,2026-05-15 09:48:14,9,52211607,MAIN,SELL,0.4,4568.53,17.6,34,-35,-354.56,WIN
2026-05-15 09:48:15,2026-05-15 09:48:22,9,52211713,PROBE,SELL,0.01,4567.73,1.54,7,1,-353.02,WIN
2026-05-15 09:48:20,2026-05-15 09:48:22,9,52211819,MAIN,SELL,0.4,4566.55,14.4,2,-2,-338.62,WIN
2026-05-15 09:48:22,2026-05-15 09:49:01,9,52211896,PROBE,SELL,0.01,4566.14,-2.51,39,0,-341.13,LOSS
2026-05-15 09:48:23,2026-05-15 09:49:01,9,52211912,MAIN,SELL,0.4,4564.73,-157.6,38,-38,-498.73,LOSS
2026-05-15 09:56:32,2026-05-15 09:57:01,9,52214269,PROBE,SELL,0.01,4570.4,1.56,29,451,-497.17,WIN
2026-05-15 09:56:45,2026-05-15 09:57:01,9,52214321,MAIN,SELL,0.4,4568.8,-1.2,16,-16,-498.37,LOSS
2026-05-15 10:13:24,2026-05-15 10:13:42,10,52218777,PROBE,BUY,0.01,4582.92,1.19,18,983,-497.18,WIN
2026-05-15 10:13:36,2026-05-15 10:13:41,10,52218815,MAIN,BUY,0.4,4583.94,6.0,5,-6,-491.18,WIN
2026-05-15 10:19:07,2026-05-15 10:19:26,10,52219934,PROBE,BUY,0.01,4584.71,1.78,19,326,-489.4,WIN
2026-05-15 10:19:19,2026-05-15 10:19:26,10,52219937,MAIN,BUY,0.4,4585.96,21.2,7,-7,-468.2,WIN
