side,open_t,entry,exit,delta_pt,peak_pt,pnl_usd,exit_reason
SELL,2026-02-11 01:48,5046.6,5045.83,0.7700000000004366,1.550000000000182,23.100000000013097,trail
SELL,2026-02-11 01:55,5040.87,5039.84,1.0299999999997453,1.5999999999994543,30.89999999999236,trail
BUY,2026-02-11 03:38,5040.8,5041.44,0.6399999999994179,1.9600000000000364,19.199999999982538,trail
SELL,2026-02-11 05:14,5050.95,5050.08,0.8699999999998909,1.5,26.099999999996726,trail
BUY,2026-02-11 07:10,5047.31,5048.02,0.7100000000000364,1.2100000000000364,21.30000000000109,trail
SELL,2026-02-11 08:02,5052.24,5051.52,0.7199999999993452,1.519999999999527,21.599999999980355,trail
BUY,2026-02-11 09:52,5053.91,5054.9,0.9899999999997817,1.699999999999818,29.69999999999345,trail
SELL,2026-02-11 11:20,5054.35,5053.48,0.8700000000008004,1.3700000000008004,26.10000000002401,trail
BUY,2026-02-11 13:07,5091.08,5091.68,0.6000000000003638,1.1900000000005093,18.000000000010914,trail
BUY,2026-02-11 13:37,5104.82,5107.29,2.4700000000002547,3.5,74.10000000000764,trail
BUY,2026-02-11 14:50,5071.06,5072.23,1.1699999999991633,1.7100000000000364,35.0999999999749,trail
BUY,2026-02-11 19:54,5089.48,5090.66,1.180000000000291,1.7400000000006912,35.40000000000873,trail
BUY,2026-02-11 20:46,5082.34,5084.22,1.8800000000001091,2.380000000000109,56.400000000003274,trail
BUY,2026-02-11 21:41,5084.01,5085.86,1.8499999999994543,2.9399999999996,55.49999999998363,trail
BUY,2026-02-12 03:20,5058.4,5060.06,1.660000000000764,2.180000000000291,49.80000000002292,trail
SELL,2026-02-12 05:17,5068.64,5067.05,1.5900000000001455,2.3100000000004,47.700000000004366,trail
BUY,2026-02-12 09:04,5057.33,5059.2,1.8699999999998909,2.4099999999998545,56.099999999996726,trail
BUY,2026-02-12 09:29,5061.98,5063.38,1.4000000000005457,1.9400000000005093,42.00000000001637,trail
BUY,2026-02-12 10:34,5057.29,5059.86,2.569999999999709,3.2100000000000364,77.09999999999127,trail
SELL,2026-02-12 11:27,5074.24,5072.37,1.8699999999998909,2.4200000000000728,56.099999999996726,trail
BUY,2026-02-12 11:43,5072.49,5073.52,1.0300000000006548,1.5300000000006548,30.900000000019645,trail
BUY,2026-02-12 19:11,4955.31,4955.96,0.6499999999996362,2.009999999999309,19.499999999989086,trail
SELL,2026-02-12 19:42,4965.58,4964.93,0.6499999999996362,1.2600000000002183,19.499999999989086,trail
BUY,2026-02-12 20:01,4934.66,4935.28,0.6199999999998909,1.2100000000000364,18.599999999996726,trail
SELL,2026-04-29 12:38,4567.35,4565.86,1.4900000000006912,2.0,44.70000000002074,trail
BUY,2026-04-29 13:09,4563.02,4564.94,1.9199999999991633,2.519999999999527,57.5999999999749,trail
BUY,2026-04-29 14:12,4568.45,4569.31,0.8600000000005821,1.5100000000002183,25.800000000017462,trail
BUY,2026-04-29 18:39,4548.83,4549.36,0.5299999999997453,1.0299999999997453,15.89999999999236,trail
SELL,2026-04-29 20:52,4546.61,4543.74,2.869999999999891,3.4099999999998545,86.09999999999673,trail
BUY,2026-04-29 23:37,4544.71,4545.21,0.5,1.0399999999999636,15.0,trail
BUY,2026-04-30 01:10,4546.36,4547.42,1.0600000000004002,2.4200000000000728,31.800000000012005,trail
BUY,2026-04-30 01:49,4551.48,4552.23,0.75,1.2900000000008731,22.5,trail
BUY,2026-04-30 10:48,4597.87,4599.61,1.7399999999997817,2.319999999999709,52.19999999999345,trail
BUY,2026-04-30 15:46,4628.73,4629.36,0.6300000000001091,1.6000000000003638,18.900000000003274,trail
BUY,2026-04-30 23:55,4621.28,4628.96,7.680000000000291,0.6500000000005457,230.40000000000873,timeout
SELL,2026-05-01 05:20,4633.82,4631.29,2.5299999999997453,3.0799999999999272,75.89999999999236,trail
SELL,2026-05-01 10:01,4595.41,4593.49,1.9200000000000728,2.4399999999996,57.60000000000218,trail
BUY,2026-05-01 10:24,4590.22,4590.8,0.5799999999999272,1.0799999999999272,17.399999999997817,trail
BUY,2026-05-01 12:18,4567.08,4568.3,1.2200000000002547,1.75,36.60000000000764,trail
SELL,2026-05-01 13:35,4571.04,4570.29,0.75,1.3800000000001091,22.5,trail
SELL,2026-05-01 14:27,4574.02,4572.7,1.3200000000006185,1.8200000000006185,39.600000000018554,trail
BUY,2026-05-01 22:38,4616.42,4617.31,0.8900000000003274,2.4899999999997817,26.700000000009823,trail
SELL,2026-05-04 05:57,4609.19,4608.15,1.0399999999999636,1.569999999999709,31.19999999999891,trail
BUY,2026-05-04 06:28,4609.98,4610.61,0.6300000000001091,1.1900000000005093,18.900000000003274,trail
BUY,2026-05-04 06:57,4612.61,4615.71,3.100000000000364,3.6500000000005457,93.00000000001091,trail
SELL,2026-05-04 10:52,4586.98,4582.77,4.209999999999127,4.819999999999709,126.2999999999738,trail
SELL,2026-05-04 17:42,4579.46,4578.74,0.7200000000002547,1.300000000000182,21.60000000000764,trail
BUY,2026-05-05 08:21,4536.74,4537.7,0.9600000000000364,1.5300000000006548,28.80000000000109,trail
BUY,2026-05-05 08:50,4547.98,4545.98,-2.0,0.8300000000008367,-60.0,SL
BUY,2026-05-05 12:42,4554.81,4555.82,1.0099999999993088,1.5799999999999272,30.299999999979264,trail
SELL,2026-05-05 13:49,4545.15,4543.41,1.7399999999997817,2.4099999999998545,52.19999999999345,trail
BUY,2026-05-05 18:29,4576.77,4578.03,1.2599999999993088,1.889999999999418,37.79999999997926,trail
BUY,2026-05-06 05:13,4632.39,4633.84,1.449999999999818,1.9899999999997817,43.49999999999454,trail
SELL,2026-05-06 05:19,4635.75,4635.19,0.5600000000004002,1.1300000000001091,16.800000000012005,trail
BUY,2026-05-06 05:32,4629.05,4631.53,2.4799999999995634,3.0299999999997453,74.3999999999869,trail
SELL,2026-05-06 06:42,4647.55,4646.12,1.430000000000291,1.9899999999997817,42.90000000000873,trail
SELL,2026-05-06 09:04,4660.5,4658.16,2.3400000000001455,2.8400000000001455,70.20000000000437,trail
BUY,2026-05-06 12:32,4696.75,4697.7,0.9499999999998181,1.4600000000000364,28.499999999994543,trail
SELL,2026-05-06 15:54,4680.45,4677.9,2.550000000000182,3.1099999999996726,76.50000000000546,trail
BUY,2026-05-06 17:40,4708.48,4708.99,0.5100000000002183,1.110000000000582,15.300000000006548,trail
BUY,2026-05-06 20:04,4684.34,4685.43,1.0900000000001455,1.6300000000001091,32.700000000004366,trail
BUY,2026-05-06 22:32,4698.18,4696.18,-2.0,0.7399999999997817,-60.0,SL
SELL,2026-05-06 22:41,4696.45,4695.88,0.569999999999709,1.069999999999709,17.09999999999127,trail
SELL,2026-05-07 01:03,4692.8,4690.81,1.9899999999997817,2.5200000000004366,59.69999999999345,trail
SELL,2026-05-07 04:43,4713.57,4712.03,1.5399999999999636,2.0799999999999272,46.19999999999891,trail
SELL,2026-05-07 09:48,4741.31,4739.1,2.2100000000000364,3.0200000000004366,66.30000000000109,trail
SELL,2026-05-07 11:08,4748.98,4747.7,1.2799999999997453,1.8999999999996362,38.39999999999236,trail
BUY,2026-05-07 12:09,4731.54,4732.1,0.5600000000004002,1.3500000000003638,16.800000000012005,trail
SELL,2026-05-07 14:12,4732.67,4731.62,1.050000000000182,1.5799999999999272,31.500000000005457,trail
BUY,2026-05-08 08:27,4713.66,4715.11,1.449999999999818,1.9700000000002547,43.49999999999454,trail
BUY,2026-05-08 10:33,4706.03,4710.28,4.25,4.920000000000073,127.5,trail
BUY,2026-05-08 14:04,4723.46,4726.26,2.800000000000182,3.3299999999999272,84.00000000000546,trail
BUY,2026-05-08 16:59,4745.07,4746.01,0.9400000000005093,1.6400000000003274,28.20000000001528,trail
SELL,2026-05-08 22:21,4723.97,4723.42,0.5500000000001819,1.0900000000001455,16.500000000005457,trail
BUY,2026-05-08 23:21,4716.1,4717.1,1.0,1.519999999999527,30.0,trail
BUY,2026-05-11 01:16,4687.12,4687.86,0.7399999999997817,1.6000000000003638,22.19999999999345,trail
BUY,2026-05-11 11:38,4672.44,4670.44,-2.0,0.7899999999999636,-60.0,SL
BUY,2026-05-11 12:35,4654.91,4655.32,0.4099999999998545,1.0,12.299999999995634,trail
BUY,2026-05-11 23:00,4735.1,4736.65,1.5499999999992724,2.1799999999993815,46.49999999997817,trail
SELL,2026-05-12 01:16,4739.15,4738.57,0.5799999999999272,1.089999999999236,17.399999999997817,trail
BUY,2026-05-12 03:26,4762.54,4765.11,2.569999999999709,3.2200000000002547,77.09999999999127,trail
BUY,2026-05-12 04:44,4725.13,4729.11,3.9799999999995634,4.479999999999563,119.3999999999869,trail
BUY,2026-05-12 10:19,4697.73,4698.9,1.1700000000000728,1.7400000000006912,35.10000000000218,trail
SELL,2026-05-12 15:22,4705.01,4702.61,2.4000000000005457,2.9899999999997817,72.00000000001637,trail
SELL,2026-05-12 16:12,4694.55,4692.17,2.380000000000109,2.9000000000005457,71.40000000000327,trail
BUY,2026-05-12 23:36,4713.87,4714.23,0.3599999999996726,1.3699999999998909,10.799999999990177,trail
SELL,2026-05-13 06:32,4701.81,4701.17,0.6400000000003274,1.2899999999999636,19.200000000009823,trail
SELL,2026-05-13 06:50,4702.47,4700.42,2.050000000000182,2.5900000000001455,61.50000000000546,trail
BUY,2026-05-13 12:44,4693.65,4693.91,0.2600000000002183,1.2100000000000364,7.800000000006548,trail
BUY,2026-05-13 13:06,4699.63,4700.57,0.9399999999995998,1.9899999999997817,28.199999999987995,trail
SELL,2026-05-13 16:35,4683.89,4682.36,1.5300000000006548,2.0399999999999636,45.900000000019645,trail
BUY,2026-05-13 20:13,4699.6,4699.65,0.049999999999272404,1.4699999999993452,1.4999999999781721,trail
SELL,2026-05-13 22:28,4688.07,4687.35,0.7199999999993452,1.269999999999527,21.599999999980355,trail
BUY,2026-05-13 23:39,4691.34,4689.34,-2.0,0.4499999999998181,-60.0,SL
SELL,2026-05-14 01:33,4696.48,4698.48,-2.0,0.26999999999952706,-60.0,SL
SELL,2026-05-14 02:04,4699.68,4701.68,-2.0,0.3100000000004002,-60.0,SL
BUY,2026-05-14 02:57,4694.94,4696.27,1.3300000000008367,2.110000000000582,39.9000000000251,trail
BUY,2026-05-14 06:26,4688.87,4691.27,2.4000000000005457,2.949999999999818,72.00000000001637,trail
BUY,2026-05-14 08:45,4697.69,4700.08,2.3900000000003274,2.9000000000005457,71.70000000000982,trail
SELL,2026-05-19 15:44,4539.59,4538.54,1.050000000000182,1.550000000000182,31.500000000005457,trail
SELL,2026-05-19 16:56,4508.61,4507.82,0.7899999999999636,1.3599999999996726,23.69999999999891,trail
SELL,2026-05-19 19:50,4506.07,4505.54,0.5299999999997453,1.0299999999997453,15.89999999999236,trail
BUY,2026-05-19 22:05,4494.22,4495.03,0.8099999999994907,1.3299999999999272,24.29999999998472,trail
SELL,2026-05-20 01:38,4482.22,4481.09,1.1300000000001091,1.8500000000003638,33.900000000003274,trail
BUY,2026-05-20 01:54,4480.5,4481.29,0.7899999999999636,1.4399999999995998,23.69999999999891,trail
SELL,2026-05-20 02:36,4491.51,4490.07,1.4400000000005093,2.0200000000004366,43.20000000001528,trail
SELL,2026-05-20 07:03,4468.26,4467.74,0.5200000000004366,1.0799999999999272,15.600000000013097,trail
BUY,2026-05-20 14:16,4494.91,4495.94,1.0299999999997453,1.550000000000182,30.89999999999236,trail
SELL,2026-05-21 14:27,4514.0,4513.4,0.6000000000003638,1.1000000000003638,18.000000000010914,trail
SELL,2026-05-21 16:30,4499.83,4498.93,0.8999999999996362,1.6400000000003274,26.999999999989086,trail
BUY,2026-05-21 17:27,4502.49,4506.95,4.460000000000036,5.0,133.8000000000011,trail
SELL,2026-05-21 17:33,4508.79,4508.05,0.7399999999997817,1.269999999999527,22.19999999999345,trail
BUY,2026-05-22 03:37,4539.13,4539.66,0.5299999999997453,1.0399999999999636,15.89999999999236,trail
SELL,2026-05-22 14:29,4513.27,4512.53,0.7400000000006912,1.3500000000003638,22.200000000020736,trail
BUY,2026-05-22 16:03,4522.06,4522.98,0.9199999999991633,1.449999999999818,27.599999999974898,trail
BUY,2026-05-22 18:18,4512.23,4514.13,1.9000000000005457,2.5900000000001455,57.00000000001637,trail
SELL,2026-05-25 01:11,4556.68,4555.23,1.4500000000007276,2.7100000000000364,43.50000000002183,trail
BUY,2026-05-25 08:35,4558.06,4559.96,1.8999999999996362,2.4299999999993815,56.999999999989086,trail
BUY,2026-05-25 10:04,4563.89,4561.89,-2.0,0.31999999999970896,-60.0,SL
BUY,2026-05-26 08:32,4531.74,4532.92,1.180000000000291,2.0,35.40000000000873,trail
BUY,2026-05-26 08:48,4527.54,4529.2,1.6599999999998545,2.1599999999998545,49.799999999995634,trail
SELL,2026-05-26 13:42,4533.92,4533.12,0.8000000000001819,1.319999999999709,24.000000000005457,trail
BUY,2026-05-26 22:09,4499.56,4500.5,0.9399999999995998,1.4399999999995998,28.199999999987995,trail
BUY,2026-05-27 01:07,4515.549,4516.256,0.7070000000003347,1.38799999999992,21.21000000001004,trail
SELL,2026-05-27 03:37,4502.987,4502.496,0.49099999999998545,1.0929999999998472,14.729999999999563,trail
BUY,2026-05-27 09:36,4491.117,4491.669,0.5519999999996799,1.1759999999994761,16.559999999990396,trail
BUY,2026-05-27 10:06,4487.588,4488.457,0.8690000000005966,1.5070000000005166,26.0700000000179,trail
BUY,2026-05-27 11:42,4441.35,4442.479,1.1289999999999054,1.8339999999998327,33.86999999999716,trail
BUY,2026-05-27 12:36,4452.214,4450.214,-2.0,0.0,-60.0,SL
SELL,2026-05-27 14:49,4443.44,4442.563,0.876999999999498,1.6499999999996362,26.30999999998494,trail
BUY,2026-05-27 16:33,4448.247,4448.86,0.6129999999993743,1.139999999999418,18.389999999981228,trail
SELL,2026-05-27 19:51,4451.889,4450.794,1.0950000000002547,1.6649999999999636,32.85000000000764,trail
SELL,2026-05-27 20:22,4456.963,4456.092,0.8710000000000946,1.3719999999993888,26.130000000002838,trail
BUY,2026-05-28 02:14,4397.896,4397.917,0.021000000000640284,1.305000000000291,0.6300000000192085,trail
BUY,2026-05-28 11:04,4386.267,4388.803,2.536000000000058,3.055000000000291,76.08000000000175,trail
BUY,2026-05-28 12:14,4391.724,4391.693,-0.03099999999994907,1.1409999999996217,-0.929999999998472,trail
SELL,2026-05-28 13:06,4436.361,4435.532,0.8289999999997235,1.3350000000000364,24.869999999991705,trail
SELL,2026-05-28 14:55,4470.129,4469.238,0.8909999999996217,1.4439999999995052,26.72999999998865,trail
BUY,2026-05-28 17:31,4504.271,4505.632,1.3609999999998763,1.9290000000000873,40.82999999999629,trail
BUY,2026-05-29 00:50,4495.667,4496.095,0.4279999999998836,1.0339999999996508,12.839999999996508,trail
SELL,2026-05-29 01:08,4496.52,4495.11,1.410000000000764,2.1700000000000728,42.30000000002292,trail
SELL,2026-05-29 03:03,4494.73,4494.24,0.4899999999997817,1.0,14.699999999993452,trail
SELL,2026-05-29 08:35,4508.26,4506.43,1.8299999999999272,2.3299999999999272,54.89999999999782,trail
BUY,2026-05-29 11:51,4510.77,4513.95,3.1799999999993815,3.699999999999818,95.39999999998145,trail
SELL,2026-05-29 12:53,4533.47,4532.22,1.25,1.7700000000004366,37.5,trail
SELL,2026-05-29 23:17,4547.22,4546.26,0.9600000000000364,1.4700000000002547,28.80000000000109,trail
BUY,2026-06-01 09:00,4498.007,4499.937,1.930000000000291,2.4400000000005093,57.90000000000873,trail
BUY,2026-06-01 10:26,4501.329,4502.663,1.3339999999998327,2.157000000000153,40.01999999999498,trail
SELL,2026-06-01 16:03,4474.016,4473.468,0.5479999999997744,1.0599999999994907,16.439999999993233,trail
BUY,2026-06-01 20:49,4483.351,4485.421,2.0700000000006185,2.6270000000004075,62.100000000018554,trail
BUY,2026-06-01 23:20,4486.355,4487.763,1.4080000000003565,1.954000000000633,42.240000000010696,trail
BUY,2026-06-02 02:52,4478.334,4478.914,0.5799999999999272,1.21100000000024,17.399999999997817,trail
SELL,2026-06-02 10:01,4536.55,4535.19,1.360000000000582,1.9200000000000728,40.80000000001746,trail
BUY,2026-06-02 18:33,4505.1,4505.11,0.009999999999308784,1.639999999999418,0.2999999999792635,trail
SELL,2026-06-02 22:21,4486.81,4488.81,-2.0,0.8500000000003638,-60.0,SL
SELL,2026-06-03 01:33,4491.05,4490.59,0.4600000000000364,1.0299999999997453,13.800000000001091,trail
SELL,2026-06-03 02:07,4483.07,4482.72,0.3499999999994543,1.0599999999994907,10.499999999983629,trail
BUY,2026-06-03 03:39,4488.6,4489.81,1.2100000000000364,1.7799999999997453,36.30000000000109,trail
SELL,2026-06-03 05:16,4479.64,4479.02,0.6199999999998909,1.4200000000000728,18.599999999996726,trail
BUY,2026-06-03 08:33,4462.29,4463.92,1.6300000000001091,2.2200000000002547,48.900000000003274,trail
BUY,2026-06-03 09:56,4459.59,4461.01,1.4200000000000728,1.9799999999995634,42.60000000000218,trail
BUY,2026-06-03 10:48,4459.28,4459.97,0.6900000000005093,1.3800000000001091,20.70000000001528,trail
