1791162780,1,1791162720,4158.03
1791172560,-1,1791172500,4144.5
1791174960,1,1791174900,4130.62
1791175440,1,1791175380,4133.705
1791181320,1,1791181200,4151.7
1791183960,1,1791183600,4155.92
1791184320,1,1791184260,4155.555
1791184620,1,1791184560,4155.025
1791186660,1,1791186480,4160.005
1791194820,-1,1791194760,4157.4
1791195360,-1,1791195240,4156.575
1791197040,-1,1791196980,4157.625
1791204360,-1,1791204300,4160.345
1791220680,-1,1791220440,4126.38
1791225660,1,1791225420,4138.23
1791229260,1,1791228900,4143.95
1791240960,-1,1791240840,4141.035
1791243420,-1,1791243300,4139.805
1791246960,-1,1791246660,4139.21
1791261120,-1,1791260940,4126.36
1791263700,-1,1791263580,4121.865
1791269820,-1,1791269700,4130.92
1791273240,1,1791273060,4140.005
1791274140,1,1791274080,4140.3
1791276000,1,1791275940,4149.115
1791281040,-1,1791280920,4152.23
1791288480,1,1791288300,4177.28
1791290160,1,1791290040,4171.635
1791290760,1,1791290700,4172.87
1791291000,1,1791290880,4169.13
1791293520,-1,1791293400,4160.89
1791293880,-1,1791293700,4161.09
1791296160,-1,1791295980,4152.895
1791300720,1,1791300600,4164.15
1791312900,1,1791312720,4173.165
1791313200,1,1791313140,4176.38
1791316860,-1,1791316740,4169.08
1791330300,-1,1791330120,4166.22
1791335160,-1,1791335040,4152.25
1791336900,-1,1791336600,4152.12
1791339060,-1,1791339000,4142.84
1791342540,-1,1791342480,4142.06
1791345420,-1,1791345360,4145.04
1791349800,-1,1791349440,4133.685
1791351060,-1,1791350700,4132.69
1791354660,-1,1791354600,4131.11
1791355800,-1,1791355740,4134.02
1791356340,-1,1791356220,4131.555
1791363780,-1,1791363600,4123.515
1791364560,-1,1791364440,4122.48
1791365880,-1,1791365820,4119.83
1791366300,-1,1791366240,4119.17
1791367200,-1,1791367140,4118.225
1791367500,-1,1791367440,4118.85
1791367920,-1,1791367800,4116.605
1791368160,-1,1791368040,4115.26
1791368760,-1,1791368700,4116.525
1791373800,-1,1791373740,4117.015
1791379920,-1,1791379800,4089.86
1791383280,1,1791383160,4099.47
1791384660,1,1791384420,4105.825
1791385320,1,1791385200,4104.63
1791385980,1,1791385920,4101.95
1791391020,1,1791390900,4111.56
1791391860,1,1791391740,4109.155
1791392520,1,1791392460,4109.645
1791399720,-1,1791399600,4108.61
1791400500,-1,1791400320,4106.15
1791417600,1,1791417540,4109.56
1791421020,1,1791420960,4119.72
1791423840,1,1791423720,4132.89
1791431160,1,1791430920,4137.925
1791437880,-1,1791437580,4128.27
1791441060,-1,1791441000,4116.18
1791441960,-1,1791441900,4125.165
1791447960,-1,1791447900,4129.26
1791450000,1,1791449880,4127.565
1791452700,1,1791452580,4120.895
1791453060,1,1791453000,4121.87
1791454200,-1,1791453960,4122.605
1791457260,-1,1791457140,4120.435
1791465840,-1,1791465660,4124.145
1791475260,-1,1791475020,4110.945
1791479460,1,1791479340,4133.035
1791479760,1,1791479640,4135.245
1791482400,1,1791482340,4133.955
