1790548740,-1,1790548680,4262.51
1790549460,-1,1790549400,4259.435
1790550000,-1,1790549940,4259.225
1790556120,1,1790556000,4237.635
1790557200,-1,1790556900,4230.33
1790557500,-1,1790557380,4219.4
1790558340,-1,1790558100,4220.225
1790558880,-1,1790558640,4217.84
1790559120,-1,1790559060,4220.645
1790559840,-1,1790559660,4210.805
1790570040,-1,1790569740,4197.36
1790571900,-1,1790571720,4195.22
1790573880,-1,1790573700,4183.605
1790576520,-1,1790576460,4175.045
1790581380,-1,1790581200,4154.215
1790582160,-1,1790582100,4156.7
1790586600,-1,1790586300,4141.205
1790590320,1,1790590260,4155.31
1790593800,-1,1790593740,4151.79
1790598960,-1,1790598840,4150.46
1790599620,-1,1790599500,4145.26
1790603580,1,1790603460,4157.975
1790617740,1,1790617620,4137.66
1790620200,1,1790620020,4136.11
1790621220,1,1790621100,4138.945
1790625600,-1,1790625360,4122.375
1790636700,1,1790636640,4122.76
1790637240,1,1790637180,4124.855
1790642460,1,1790642400,4122.9
1790648580,1,1790648460,4134.1
1790654400,-1,1790654340,4132.895
1790655060,-1,1790654940,4130.72
1790656380,-1,1790656200,4129.39
1790657700,-1,1790657580,4127.54
1790658300,-1,1790658060,4127.015
1790658600,-1,1790658480,4127.22
1790661780,1,1790661660,4141.285
1790663280,1,1790663100,4144.375
1790671620,1,1790671500,4140.22
1790679300,1,1790679240,4152.105
1790680800,1,1790680740,4157.69
1790681520,1,1790681460,4158.05
1790685840,-1,1790685780,4154.515
1790688780,-1,1790688600,4153.655
1790692200,1,1790692080,4173.87
1790698440,-1,1790698260,4152.13
1790700900,-1,1790700480,4146.445
1790702700,-1,1790702520,4146.235
1790703960,-1,1790703900,4144.98
1790706720,-1,1790706480,4163.03
1790707200,-1,1790707140,4172.23
1790710020,1,1790709960,4169.92
1790727300,1,1790727240,4185.185
1790728380,1,1790728320,4182.845
1790741580,-1,1790741460,4172.74
1790745060,1,1790744940,4177.275
1790746500,1,1790746440,4179.125
1790751660,1,1790751540,4193.81
1790752500,1,1790752260,4195.655
1790761560,-1,1790761500,4188.105
1790765400,-1,1790765280,4184.27
1790770140,1,1790770080,4188.49
1790776800,-1,1790776380,4177.725
1790780160,-1,1790780040,4171.825
1790780700,-1,1790780640,4165.91
1790781360,-1,1790781180,4161.94
1790781840,-1,1790781780,4155.98
1790782440,-1,1790782260,4160.435
1790783520,-1,1790783280,4157.365
1790787180,-1,1790787000,4157.94
1790791980,-1,1790791740,4149.41
1790793660,-1,1790793360,4152.505
1790801160,1,1790801040,4159.535
1790807340,1,1790807100,4156.52
1790809260,-1,1790809140,4153.955
1790815740,1,1790815620,4145.49
1790819160,-1,1790819100,4161.485
1790821920,1,1790821860,4154.59
1790822400,1,1790822340,4155.61
1790822940,1,1790822880,4157.305
1790824440,1,1790824380,4167.465
1790828040,1,1790827980,4177.665
1790829000,1,1790828820,4173.005
1790829360,1,1790829300,4176.2
1790829960,1,1790829660,4176.345
1790842620,-1,1790842500,4159.555
1790844780,-1,1790844420,4151.45
1790848740,-1,1790848620,4154.945
1790849820,1,1790849760,4159.895
1790858340,1,1790858280,4183.735
1790864280,-1,1790864220,4154.99
1790865960,-1,1790865900,4166.205
1790875080,-1,1790874900,4171.38
1790878920,1,1790878740,4173.48
1790882340,1,1790882220,4177.8
1790884200,1,1790883960,4176.715
1790887860,-1,1790887800,4176.64
1790896440,1,1790896380,4179.675
1790896680,1,1790896620,4180.575
1790905800,-1,1790905680,4147.62
1790906400,-1,1790906220,4149.365
1790907600,-1,1790907480,4158.195
1790911800,1,1790911740,4174.84
1790912640,1,1790912580,4174.495
1790914860,1,1790914740,4185.51
1790918340,1,1790918040,4188.695
1790918520,1,1790918460,4188.12
1790928120,1,1790928060,4186.395
1790931960,-1,1790931840,4182.095
1790934180,-1,1790934120,4184.385
1790940060,-1,1790939940,4185.29
1790941200,-1,1790940960,4180.74
1790947920,1,1790947800,4194.9
1790949600,-1,1790949480,4187.23
1790954880,-1,1790954820,4141.665
1790956200,-1,1790956080,4133.62
1790958660,-1,1790958600,4135.935
1790964900,-1,1790964780,4138.945
1791162780,1,1791162720,4158.03
1791172560,-1,1791172500,4144.5
1791174960,1,1791174900,4130.62
1791175440,1,1791175380,4133.705
1791181320,1,1791181200,4151.7
1791183960,1,1791183600,4155.92
1791184320,1,1791184260,4155.555
1791184620,1,1791184560,4155.025
1791186660,1,1791186480,4160.005
1791194820,-1,1791194760,4157.4
1791195360,-1,1791195240,4156.575
1791197040,-1,1791196980,4157.625
1791204360,-1,1791204300,4160.345
1791220680,-1,1791220440,4126.38
1791225660,1,1791225420,4138.23
1791229260,1,1791228900,4143.95
1791240960,-1,1791240840,4141.035
1791243420,-1,1791243300,4139.805
1791246960,-1,1791246660,4139.21
1791261120,-1,1791260940,4126.36
1791263700,-1,1791263580,4121.865
1791269820,-1,1791269700,4130.92
1791273240,1,1791273060,4140.005
1791274140,1,1791274080,4140.3
1791276000,1,1791275940,4149.115
1791281040,-1,1791280920,4152.23
1791288480,1,1791288300,4177.28
1791290160,1,1791290040,4171.635
1791290760,1,1791290700,4172.87
1791291000,1,1791290880,4169.13
1791293520,-1,1791293400,4160.89
1791293880,-1,1791293700,4161.09
1791296160,-1,1791295980,4152.895
1791300720,1,1791300600,4164.15
1791312900,1,1791312720,4173.165
1791313200,1,1791313140,4176.38
1791316860,-1,1791316740,4169.08
1791330300,-1,1791330120,4166.22
1791335160,-1,1791335040,4152.25
1791336900,-1,1791336600,4152.12
1791339060,-1,1791339000,4142.84
1791342540,-1,1791342480,4142.06
1791345420,-1,1791345360,4145.04
1791349800,-1,1791349440,4133.685
1791351060,-1,1791350700,4132.69
1791354660,-1,1791354600,4131.11
1791355800,-1,1791355740,4134.02
1791356340,-1,1791356220,4131.555
1791363780,-1,1791363600,4123.515
1791364560,-1,1791364440,4122.48
1791365880,-1,1791365820,4119.83
1791366300,-1,1791366240,4119.17
1791367200,-1,1791367140,4118.225
1791367500,-1,1791367440,4118.85
1791367920,-1,1791367800,4116.605
1791368160,-1,1791368040,4115.26
1791368760,-1,1791368700,4116.525
1791373800,-1,1791373740,4117.015
1791379920,-1,1791379800,4089.86
1791383280,1,1791383160,4099.47
1791384660,1,1791384420,4105.825
1791385320,1,1791385200,4104.63
1791385980,1,1791385920,4101.95
1791391020,1,1791390900,4111.56
1791391860,1,1791391740,4109.155
1791392520,1,1791392460,4109.645
1791399720,-1,1791399600,4108.61
1791400500,-1,1791400320,4106.15
1791417600,1,1791417540,4109.56
1791421020,1,1791420960,4119.72
1791423840,1,1791423720,4132.89
1791431160,1,1791430920,4137.925
1791437880,-1,1791437580,4128.27
1791441060,-1,1791441000,4116.18
1791441960,-1,1791441900,4125.165
